Image Name/Number,Author,License
Image 1,Unknown,Attribution-ShareAlike 4.0 International license
Image 2,Unknown,Attribution-ShareAlike 4.0 International license
Image 3,Unknown,Attribution-ShareAlike 4.0 International license
Image 4,Unknown,Attribution-ShareAlike 4.0 International license
Image 5,Unknown,Attribution-ShareAlike 4.0 International license
Image 6,Unknown,Attribution-ShareAlike 4.0 International license
Image 7,Unknown,Attribution-ShareAlike 4.0 International license
Image 8,Unknown,Attribution-ShareAlike 4.0 International license
Image 9,Unknown,Attribution-ShareAlike 4.0 International license
